Load Date,Actual,SARIMAX Full,SARIMAX Restricted,XGBoost Full,XGBoost Restricted,XGBoost No Weather,Seasonal Naïve
2025-01-01,13.056934860337847,13.040005187981118,13.036234547070121,13.050311,13.048638,13.035567,12.86190729120614
2025-01-02,13.13583029010652,13.140007816053071,13.127316199247883,13.0921,13.089729,13.065387,12.8800930703413
2025-01-03,13.147364235165202,13.17544129879671,13.16761047569214,13.133213,13.131088,13.141817,12.946868863231211
2025-01-04,13.13170956540391,13.142812884046952,13.131341011663006,13.132871,13.118542,13.095358,12.925608560428024
2025-01-05,13.143627681029034,13.150872389781895,13.139012465285532,13.122243,13.115834,13.113643,12.920951963233351
2025-01-06,13.166550583243986,13.181250190301885,13.181015784577731,13.140395,13.1437,13.162137,13.012613241444944
2025-01-07,13.128937718983458,13.128081824299159,13.131126067932222,13.118158,13.118296,13.1638775,13.045188553418276
2025-01-08,13.134173364163686,13.154849865013167,13.138230131334032,13.114648,13.1149845,13.112199,13.056934860337847
2025-01-09,13.141108583082175,13.174145430599385,13.1645632747367,13.133093,13.125003,13.130189,13.13583029010652
2025-01-10,13.129223790860967,13.180561819466924,13.172008696503973,13.135891,13.13011,13.131889,13.147364235165202
2025-01-11,13.103286566639593,13.123536953675021,13.112146037612055,13.089872,13.085532,13.073302,13.13170956540391
2025-01-12,13.117469421514018,13.13222580694513,13.119291694269837,13.095213,13.094449,13.087447,13.143627681029034
2025-01-13,13.109918257150388,13.099138192801533,13.106576444814536,13.10958,13.097382,13.165967,13.166550583243986
2025-01-14,13.03008798796182,13.031489583524007,13.040475812584049,13.043733,13.027995,13.103367,13.128937718983458
2025-01-15,13.028388905145372,12.990143954328461,12.989816368291923,12.989864,12.99324,13.023407,13.134173364163686
2025-01-16,12.989969623138112,12.992914760542247,13.000981322504476,12.989626,12.986388,13.031116,13.141108583082175
2025-01-17,12.984047988266363,12.96970872411352,12.977257108304139,12.95676,12.960119,12.997491,13.129223790860967
2025-01-18,12.95118352070921,12.943886446526715,12.945186718617961,12.932685,12.921758,12.951331,13.103286566639593
2025-01-19,12.97416030875364,12.969143597706672,12.965866966487242,12.944917,12.949869,12.952684,13.117469421514018
2025-01-20,13.053167628196228,13.046825878543991,13.043908185282671,13.056096,13.04617,13.068107,13.109918257150388
2025-01-21,13.089521953250012,13.059539101142835,13.057967156095298,13.065445,13.07084,13.075681,13.03008798796182
2025-01-22,13.088969972462294,13.093792120904634,13.086907654461314,13.090847,13.088735,13.099884,13.028388905145372
2025-01-23,13.11874082387318,13.110103036022316,13.109958163995067,13.08197,13.084475,13.079533,12.989969623138112
2025-01-24,13.097334758370112,13.094673806865769,13.101204573093092,13.081391,13.071188,13.109484,12.984047988266363
2025-01-25,12.998503917619344,12.996983088202487,13.004914742368358,12.980712,12.970767,13.026334,12.95118352070921
2025-01-26,12.995170709690834,12.979420116689845,12.980489459736685,12.960268,12.956873,12.966273,12.97416030875364
2025-01-27,13.058556322013782,13.039659619954616,13.040224644434913,13.017993,13.024139,13.038128,13.053167628196228
2025-01-28,13.041582730854197,13.027918317790009,13.031183269677133,13.028449,13.030081,13.067273,13.089521953250012
2025-01-29,13.031102986125283,13.023832600894234,13.020430393363279,13.018783,13.021961,13.027043,13.088969972462294
2025-01-30,13.04649477933492,13.059967571445242,13.059482711560465,13.044456,13.039736,13.02858,13.11874082387318
2025-01-31,13.06628814142126,13.086966974676669,13.085805529055463,13.05451,13.05302,13.065423,13.097334758370112
2025-02-01,13.046736406001326,13.06328496278733,13.058693173827383,13.017701,13.020324,13.034907,12.998503917619344
2025-02-02,13.04832924867796,13.050062375532157,13.047594422681712,13.02201,13.022064,13.038296,12.995170709690834
2025-02-03,13.093716958814207,13.079269256690342,13.08100020781967,13.057451,13.06176,13.127515,13.058556322013782
2025-02-04,13.054005304390186,13.033133043832272,13.039947783764617,13.033761,13.031478,13.10005,13.041582730854197
2025-02-05,13.008267037525936,13.003590335562132,13.004366619846568,13.00283,13.000514,13.044807,13.031102986125283
2025-02-06,13.035087238095524,13.032298958773511,13.032723847449022,13.00074,12.999985,12.992535,13.04649477933492
2025-02-07,13.048202173064569,13.062654182855617,13.063336367468782,13.031452,13.028465,13.035332,13.06628814142126
2025-02-08,13.028397693360375,13.018972710205059,13.018067356573166,12.998382,12.996269,12.992314,13.046736406001326
2025-02-09,13.039955207563144,13.0472915990519,13.042978929830156,13.005173,13.00324,13.007968,13.04832924867796
2025-02-10,13.087542092558907,13.102684490053697,13.100305047649208,13.08439,13.083021,13.122172,13.093716958814207
2025-02-11,13.07124690948732,13.083041527246342,13.082503012853255,13.075786,13.074501,13.088066,13.054005304390186
2025-02-12,13.094095581455424,13.090375741418331,13.081739723747349,13.067232,13.067149,13.050771,13.008267037525936
2025-02-13,13.08834940561664,13.113796254735483,13.113780485442893,13.0806055,13.08238,13.080121,13.035087238095524
2025-02-14,13.111498568543578,13.13302045688704,13.130808457386362,13.072014,13.071673,13.063618,13.048202173064569
2025-02-15,13.075089363298304,13.11420587841485,13.108323721177722,13.041775,13.042903,13.0387125,13.028397693360375
2025-02-16,13.100199564702606,13.11682129418914,13.102525054456525,13.0484495,13.055182,13.044283,13.039955207563144
2025-02-17,13.128090943537051,13.171824084920296,13.167554923585769,13.128655,13.128406,13.135389,13.087542092558907
2025-02-18,13.113017843624537,13.14753754418625,13.143348953421096,13.110469,13.113869,13.109172,13.07124690948732
2025-02-19,13.131122900517408,13.135712442116683,13.126110689367364,13.098014,13.09526,13.083444,13.094095581455424
2025-02-20,13.117292542424485,13.120994797937072,13.124491249120155,13.1016,13.101416,13.118447,13.08834940561664
2025-02-21,13.042514650915226,13.053257598531715,13.06509778952804,13.056628,13.039668,13.106684,13.111498568543578
2025-02-22,12.946768744041618,12.941014680702946,12.949746156554259,12.933205,12.933485,12.965944,13.075089363298304
2025-02-23,12.918975883674497,12.914661179289318,12.91806636870277,12.911812,12.908197,12.932637,13.100199564702606
2025-02-24,12.975541774160885,12.944418717397433,12.94840604906109,12.9420395,12.941175,12.992212,13.128090943537051
2025-02-25,12.980055296367404,12.957519773989205,12.960095115472049,12.956451,12.960888,12.997775,13.113017843624537
2025-02-26,12.994150388394292,12.969899993419752,12.966219151280388,12.966519,12.969487,12.997235,13.131122900517408
2025-02-27,13.000999939751573,13.003160557273176,13.00574134219119,12.99276,12.992351,13.013206,13.117292542424485
2025-02-28,13.02641399335249,13.019676127197805,13.021938357867587,12.991858,12.990553,13.002221,13.042514650915226
2025-03-01,12.981997252547687,12.973819110579818,12.976265120338088,12.952789,12.957248,12.980178,12.946768744041618
2025-03-02,12.939932214603855,12.93478853055015,12.93977705342774,12.910939,12.910588,12.943641,12.918975883674497
2025-03-03,12.965176091752808,12.95819339143077,12.962884048465689,12.941493,12.943699,12.996308,12.975541774160885
2025-03-04,12.96893943344058,12.936145105124506,12.940300674086341,12.928655,12.925287,12.962162,12.980055296367404
2025-03-05,12.94353570986463,12.921243985115346,12.922665330611665,12.9094925,12.909274,12.957495,12.994150388394292
2025-03-06,12.9117954207919,12.919734319587722,12.92725789109723,12.905722,12.904303,12.945837,13.000999939751573
2025-03-07,12.92827850328998,12.929108243310965,12.93260506971679,12.90178,12.896002,12.912905,13.02641399335249
2025-03-08,12.907361591781742,12.903015668924475,12.903002132139601,12.881325,12.887952,12.890448,12.981997252547687
2025-03-09,12.908670031901606,12.904825142351559,12.904780349959886,12.868478,12.873452,12.896683,12.939932214603855
2025-03-10,12.97145211167168,12.975828750576685,12.974414093760906,12.957694,12.954603,12.965974,12.965176091752808
2025-03-11,13.002987323567986,12.999237007112079,12.995795200850452,12.975602,12.97787,12.970929,12.96893943344058
2025-03-12,13.031096412778234,13.029809580786496,13.020961421827327,13.001832,13.000082,13.007885,12.94353570986463
2025-03-13,13.02093290677063,13.073356253959947,13.071097752882023,13.023991,13.017828,13.032837,12.9117954207919
2025-03-14,13.040133279135356,13.060416566510462,13.05968806350853,13.018655,13.015395,13.00943,12.92827850328998
2025-03-15,12.982333199057118,12.992755501850436,12.994348582843958,12.966352,12.964635,12.999965,12.907361591781742
2025-03-16,12.955181830072688,12.973367845776592,12.973288443137672,12.939077,12.93869,12.94686,12.908670031901606
2025-03-17,12.997414478165163,13.012363142787356,13.011720036526903,12.988066,13.000419,13.019233,12.97145211167168
2025-03-18,12.962258003524752,12.971466532941784,12.97483292580009,12.964872,12.966495,12.994091,13.002987323567986
2025-03-19,12.94890244904257,12.961574068692478,12.956849383317682,12.949107,12.950886,12.954048,13.031096412778234
2025-03-20,12.958203101634428,12.974947098947737,12.97580694392664,12.954204,12.956391,12.954538,13.02093290677063
2025-03-21,12.932521614610495,12.971273738783685,12.974783922759823,12.946415,12.950252,12.960276,13.040133279135356
2025-03-22,12.864765535475517,12.897895802764008,12.899071917030877,12.875505,12.873427,12.890522,12.982333199057118
2025-03-23,12.849062728092184,12.876269343929085,12.87486875309932,12.84608,12.842378,12.846902,12.955181830072688
2025-03-24,12.93210319292483,12.929992984963018,12.92745912191856,12.9146,12.915521,12.917366,12.997414478165163
2025-03-25,12.92021292096908,12.915029889411201,12.917992893438235,12.887677,12.891293,12.941338,12.962258003524752
2025-03-26,12.915174372737203,12.908259213789965,12.905523620822228,12.883714,12.881707,12.921558,12.94890244904257
2025-03-27,12.90325915699751,12.910499148911281,12.915825275007,12.8894825,12.889448,12.920124,12.958203101634428
2025-03-28,12.869935186262625,12.906047067684433,12.911568062213467,12.86197,12.865304,12.903659,12.932521614610495
2025-03-29,12.85488646560039,12.85224431271364,12.851917544642834,12.806203,12.807421,12.818691,12.864765535475517
2025-03-30,12.861193399492658,12.875961497624658,12.873410277220248,12.833122,12.82019,12.844685,12.849062728092184
2025-03-31,12.89682947146748,12.917590730783505,12.9181620299212,12.903329,12.898003,12.931086,12.93210319292483
2025-04-01,12.851973594443248,12.873913649596492,12.878067089419911,12.83167,12.831198,12.875196,12.92021292096908
2025-04-02,12.81917503508108,12.840262917994266,12.838301480589703,12.805135,12.806029,12.838564,12.915174372737203
2025-04-03,12.817689762851485,12.842756583191942,12.845475475026994,12.804403,12.806096,12.824797,12.90325915699751
2025-04-04,12.855006671413792,12.88162415906248,12.88005961880971,12.819519,12.82253,12.820812,12.869935186262625
2025-04-05,12.83049656111321,12.855043600967294,12.852545824077971,12.796974,12.796605,12.802734,12.85488646560039
2025-04-06,12.804714072648132,12.84334888157913,12.842174661351184,12.792278,12.786756,12.802883,12.861193399492658
2025-04-07,12.84515691036613,12.872860030061926,12.872543023659743,12.833897,12.83644,12.879122,12.89682947146748
2025-04-08,12.85107158084664,12.860046959885462,12.859804952975313,12.825555,12.827661,12.850869,12.851973594443248
2025-04-09,12.86592929460013,12.872698149578461,12.866333054005747,12.832657,12.831312,12.850268,12.81917503508108
2025-04-10,12.911788014490863,12.892664675631686,12.894413493694497,12.849123,12.845265,12.8706,12.817689762851485
2025-04-11,12.871473430447049,12.886629481264634,12.89575019556061,12.839271,12.845635,12.898275,12.855006671413792
2025-04-12,12.743223694463714,12.811188488851009,12.816483593625204,12.7464,12.760644,12.799811,12.83049656111321
2025-04-13,12.766810660675878,12.770487666241078,12.76843638440998,12.716067,12.707361,12.734548,12.804714072648132
2025-04-14,12.795965424349868,12.836831344907921,12.83671397651984,12.774049,12.786554,12.81992,12.84515691036613
2025-04-15,12.801838502948408,12.81085543375422,12.811194693418628,12.782762,12.783302,12.805264,12.85107158084664
2025-04-16,12.761582874322308,12.796026462089232,12.793876374177593,12.763597,12.77795,12.787992,12.86592929460013
2025-04-17,12.715456230057182,12.735950329216044,12.744582159608843,12.695764,12.678465,12.705683,12.911788014490863
2025-04-18,12.715182798717542,12.722683870876374,12.728551898005893,12.665644,12.667197,12.695087,12.871473430447049
2025-04-19,12.725550728575303,12.743272013966454,12.738711923419473,12.665297,12.662445,12.671376,12.743223694463714
2025-04-20,12.74024461021571,12.717457402813974,12.719012529253801,12.677926,12.671074,12.68437,12.766810660675878
2025-04-21,12.767007563031497,12.772741969884763,12.77662290532038,12.717542,12.706548,12.742186,12.795965424349868
2025-04-22,12.828413704515544,12.815670885929613,12.811880262154125,12.770677,12.767246,12.78597,12.801838502948408
2025-04-23,12.808830021362114,12.83469966033428,12.830633608277978,12.789661,12.787928,12.833203,12.761582874322308
2025-04-24,12.816096336009442,12.856697704086077,12.856323012444573,12.775095,12.783782,12.800439,12.715456230057182
2025-04-25,12.82696091260404,12.869221169508801,12.86910679466057,12.788168,12.796293,12.80577,12.715182798717542
2025-04-26,12.755337908259635,12.812007767805461,12.811826283059267,12.746599,12.7517605,12.782968,12.725550728575303
2025-04-27,12.747518643792771,12.770522421250895,12.769927483223544,12.7145405,12.706558,12.7432165,12.74024461021571
2025-04-28,12.78802286703932,12.800729179249068,12.803065669440846,12.7673,12.767714,12.805973,12.767007563031497
2025-04-29,12.768002895887063,12.787810488287164,12.790243366588552,12.757481,12.767052,12.795551,12.828413704515544
2025-04-30,12.751456205504375,12.773054858058876,12.769866036110475,12.736082,12.735962,12.773558,12.808830021362114
2025-05-01,12.699099812308308,12.718072891166804,12.727850691339391,12.682999,12.672352,12.686038,12.816096336009442
2025-05-02,12.738188025561827,12.763876449066268,12.76360167861525,12.696229,12.700339,12.696009,12.82696091260404
2025-05-03,12.711892762623751,12.756142549840696,12.75265259723404,12.68011,12.672648,12.669326,12.755337908259635
2025-05-04,12.724315692074027,12.773345247638815,12.767137145034484,12.702702,12.698145,12.690636,12.747518643792771
2025-05-05,12.80667407173834,12.81901080578193,12.816128331707919,12.770618,12.775549,12.791259,12.78802286703932
2025-05-06,12.78059956505836,12.818057005327713,12.818734114216884,12.7763,12.77356,12.810697,12.768002895887063
2025-05-07,12.752745027829668,12.794154427634297,12.789690856979046,12.747326,12.743702,12.769708,12.751456205504375
2025-05-08,12.7321818776604,12.780503993107843,12.783454693364227,12.724216,12.726455,12.754244,12.699099812308308
2025-05-09,12.7116605764999,12.75929454755374,12.763616104535796,12.699621,12.705642,12.714322,12.738188025561827
2025-05-10,12.64392749643999,12.693549398964311,12.695148504979214,12.646323,12.645569,12.657152,12.711892762623751
2025-05-11,12.614875510458754,12.667199554063114,12.666850170866834,12.628068,12.629511,12.653193,12.724315692074027
2025-05-12,12.671016621289864,12.6932376683391,12.693811083424965,12.661287,12.65789,12.671005,12.80667407173834
2025-05-13,12.685048404574111,12.691118434366325,12.692244010775175,12.670289,12.674433,12.685042,12.78059956505836
2025-05-14,12.711925927669606,12.733662447940453,12.72568561333974,12.680154,12.6851225,12.691502,12.752745027829668
2025-05-15,12.716723253981876,12.745366581054071,12.74804727714794,12.693159,12.694817,12.7044,12.7321818776604
2025-05-16,12.69724133138677,12.72991375794751,12.736261467749012,12.68529,12.680264,12.704296,12.7116605764999
2025-05-17,12.591515302182598,12.613819051869228,12.622952421065705,12.577191,12.581307,12.596464,12.64392749643999
2025-05-18,12.61166441228346,12.621863209561504,12.621196203194426,12.570273,12.571228,12.586616,12.614875510458754
2025-05-19,12.659317884085878,12.661250600331556,12.6656722988116,12.641577,12.645836,12.669989,12.671016621289864
2025-05-20,12.668582642516052,12.66720607391569,12.670087140303385,12.648719,12.649959,12.669186,12.685048404574111
2025-05-21,12.68985589818428,12.733554872794297,12.723606550248991,12.67527,12.673457,12.668716,12.711925927669606
2025-05-22,12.735620901843202,12.77041791216773,12.76711986838011,12.691893,12.693597,12.688793,12.716723253981876
2025-05-23,12.73865193325839,12.791391708623681,12.79187789169672,12.703462,12.707958,12.710829,12.69724133138677
2025-05-24,12.670231099977556,12.73526430599457,12.734594870504047,12.6501465,12.649054,12.664567,12.591515302182598
2025-05-25,12.67999670483744,12.698572186438977,12.697240781843416,12.628989,12.625873,12.639847,12.61166441228346
2025-05-26,12.689192998203945,12.748500323670177,12.749609655499746,12.703737,12.708116,12.745066,12.659317884085878
2025-05-27,12.695587805786108,12.736285983918187,12.733622774801361,12.690299,12.685819,12.690599,12.668582642516052
2025-05-28,12.675213402608772,12.72238537478481,12.717172809228625,12.685176,12.679131,12.699625,12.68985589818428
2025-05-29,12.637134022848702,12.668124696475402,12.67532163115197,12.591916,12.596339,12.607853,12.735620901843202
2025-05-30,12.663133502281989,12.698234047368679,12.699178317941538,12.64665,12.637419,12.641326,12.73865193325839
2025-05-31,12.622055580201028,12.66767491680244,12.666847913787553,12.596844,12.59839,12.612315,12.670231099977556
2025-06-01,12.633413394155776,12.659746197474632,12.657746040788574,12.623238,12.61809,12.613372,12.67999670483744
2025-06-02,12.685506668504996,12.715177900339064,12.715081747854985,12.690255,12.693106,12.695909,12.689192998203945
2025-06-03,12.688754934807314,12.706098438405256,12.706987918973748,12.6750555,12.672948,12.674232,12.695587805786108
2025-06-04,12.666152193578217,12.699605888611774,12.69658561675277,12.66995,12.673694,12.6757765,12.675213402608772
2025-06-05,12.687210928793933,12.717034424083323,12.717946487979756,12.66637,12.664918,12.660304,12.637134022848702
2025-06-06,12.68330011986523,12.72864472698188,12.731601356801116,12.671021,12.668091,12.670195,12.663133502281989
2025-06-07,12.612127579656768,12.677280546572824,12.677613671004314,12.60881,12.613133,12.619452,12.622055580201028
2025-06-08,12.58800979590746,12.604910792603704,12.60769009482172,12.577852,12.572648,12.574308,12.633413394155776
2025-06-09,12.633749242003557,12.643071763271335,12.645763681607033,12.612515,12.603978,12.618573,12.685506668504996
2025-06-10,12.692856569815882,12.695301996558218,12.691379252148375,12.656882,12.657685,12.638565,12.688754934807314
2025-06-11,12.674847395012376,12.708080086569876,12.704432360196062,12.672441,12.67553,12.67518,12.666152193578217
2025-06-12,12.656571665567927,12.695127030805606,12.699988560343398,12.654393,12.651484,12.669078,12.687210928793933
2025-06-13,12.610707408997625,12.649456184079812,12.659203458914568,12.637182,12.63202,12.656867,12.68330011986523
2025-06-14,12.534271465919211,12.569305513613726,12.575181528517458,12.537318,12.538712,12.54742,12.612127579656768
2025-06-15,12.553286978683287,12.562018664221261,12.562372438273984,12.53193,12.523778,12.5280905,12.58800979590746
2025-06-16,12.62501321703976,12.626289505873542,12.628300359331005,12.615434,12.615582,12.624292,12.633749242003557
2025-06-17,12.649302278859292,12.640761393104523,12.643007041766115,12.626097,12.624654,12.628186,12.692856569815882
2025-06-18,12.65024872150895,12.665128497893622,12.661915615810031,12.642522,12.638184,12.645473,12.674847395012376
2025-06-19,12.658926936892142,12.686491864313801,12.689530267941354,12.639756,12.641371,12.642783,12.656571665567927
2025-06-20,12.651370458973377,12.679541885516606,12.685589433716366,12.63517,12.632499,12.636644,12.610707408997625
2025-06-21,12.569235497404431,12.608155146224778,12.613790796181618,12.567141,12.573926,12.588137,12.534271465919211
2025-06-22,12.581325938230098,12.574984160498788,12.577837702280421,12.544061,12.55074,12.553567,12.553286978683287
2025-06-23,12.633008922784551,12.65322477149471,12.655050452730393,12.646041,12.654611,12.6635,12.62501321703976
2025-06-24,12.644169499451689,12.659368057858188,12.660114187781836,12.641587,12.641318,12.636396,12.649302278859292
2025-06-25,12.634730054331586,12.640194223407182,12.639663986140476,12.626529,12.627244,12.63987,12.65024872150895
2025-06-26,12.640653091868458,12.652212306040305,12.657918286737157,12.625846,12.625778,12.633098,12.658926936892142
2025-06-27,12.612473981906517,12.645825316353033,12.654133626000238,12.61515,12.616322,12.622576,12.651370458973377
2025-06-28,12.583570284554284,12.583956476983593,12.588105544379893,12.536596,12.535731,12.539476,12.569235497404431
2025-06-29,12.589162620284007,12.59827599055441,12.599774110702251,12.561667,12.558901,12.56048,12.581325938230098
2025-06-30,12.644098517971372,12.634149206201897,12.6394458440937,12.6392,12.646363,12.668544,12.633008922784551
2025-07-01,12.64125188362173,12.620085040645975,12.62737016965989,12.620382,12.623198,12.635625,12.644169499451689
2025-07-02,12.632134183436987,12.631750846496423,12.631986772551485,12.621395,12.620717,12.634728,12.634730054331586
2025-07-03,12.642370824560734,12.666108830054448,12.669661661025856,12.629103,12.62896,12.637283,12.640653091868458
2025-07-04,12.636867561550629,12.677902685109862,12.682170657898428,12.626514,12.629364,12.626867,12.612473981906517
2025-07-05,12.586900056206767,12.620764278156546,12.622981287518598,12.572119,12.573986,12.572105,12.583570284554284
2025-07-06,12.557338486613368,12.589874265034373,12.592886453598004,12.564763,12.56768,12.573179,12.589162620284007
2025-07-07,12.612976717832591,12.633522049798756,12.635063815859667,12.618602,12.618353,12.622497,12.644098517971372
2025-07-08,12.603246811903857,12.614251003295802,12.618555423982507,12.6025715,12.604614,12.615117,12.64125188362173
2025-07-09,12.611847705598269,12.605006776463274,12.60420066795526,12.599235,12.601141,12.611296,12.632134183436987
2025-07-10,12.605566628567544,12.612887950299662,12.621041466898621,12.602894,12.605461,12.618495,12.642370824560734
2025-07-11,12.599336959056885,12.615852197899674,12.606093713994241,12.598042,12.59278,12.604135,12.636867561550629
2025-07-12,12.557602375528225,12.563773772853782,12.551206710357892,12.540111,12.543041,12.551484,12.586900056206767
2025-07-13,12.53962634163801,12.557692212834532,12.543628215154936,12.542163,12.546547,12.549626,12.557338486613368
2025-07-14,12.577618960434712,12.599360863201575,12.585485696551633,12.586212,12.586215,12.596483,12.612976717832591
2025-07-15,12.56754058469386,12.58712281243044,12.572951014004776,12.571174,12.573339,12.579805,12.603246811903857
2025-07-16,12.558962936697036,12.579874607957846,12.560285954469368,12.573125,12.574367,12.5710335,12.611847705598269
2025-07-17,12.560251476770024,12.597617098395801,12.579592129904126,12.559602,12.559882,12.564461,12.605566628567544
2025-07-18,12.57394318426296,12.593964025115401,12.581638939504275,12.557046,12.5569935,12.55741,12.599336959056885
2025-07-19,12.552120319544176,12.552831411962849,12.537502706037017,12.51927,12.516569,12.5185795,12.557602375528225
2025-07-20,12.527612518700575,12.573240563322464,12.540669768862394,12.5355835,12.536161,12.534311,12.53962634163801
2025-07-21,12.577512056325872,12.596370088976862,12.579002316952462,12.5740185,12.570002,12.573682,12.577618960434712
2025-07-22,12.5724642296522,12.587071175494167,12.572893322134174,12.56752,12.5698595,12.5729475,12.56754058469386
2025-07-23,12.566257921039409,12.5822528321787,12.56294304867183,12.566702,12.574153,12.571036,12.558962936697036
2025-07-24,12.568835520354304,12.596508944287336,12.583528941101353,12.553321,12.558554,12.561794,12.560251476770024
2025-07-25,12.556725996010384,12.598110298970997,12.58627140440263,12.558678,12.561461,12.558709,12.57394318426296
2025-07-26,12.532137339650044,12.543191780194164,12.528211278349666,12.50512,12.505614,12.5111685,12.552120319544176
2025-07-27,12.529112209263008,12.548909117645032,12.532937100603537,12.513396,12.512257,12.510955,12.527612518700575
2025-07-28,12.57172219693404,12.602669135705334,12.58708792781945,12.580863,12.577495,12.579812,12.577512056325872
2025-07-29,12.588020033924286,12.585666838288365,12.588781002701518,12.5619135,12.564569,12.565813,12.5724642296522
2025-07-30,12.589268286192365,12.602482114427971,12.582369685177529,12.57916,12.57635,12.58523,12.566257921039409
2025-07-31,12.585799344393225,12.607623435319994,12.595946714592694,12.576099,12.576973,12.587115,12.568835520354304
2025-08-01,12.572131423259243,12.606304183288213,12.59542610156028,12.580276,12.580005,12.58309,12.556725996010384
2025-08-02,12.54391537117357,12.550903468614877,12.536759690070422,12.519421,12.5197735,12.519451,12.532137339650044
2025-08-03,12.55124620134809,12.55662722428003,12.541053625236351,12.539936,12.530861,12.534002,12.529112209263008
2025-08-04,12.626097904969669,12.605283616710757,12.609829830149023,12.606824,12.605961,12.6104765,12.57172219693404
2025-08-05,12.6618220391476,12.630869430992577,12.634555724351173,12.616583,12.613534,12.623866,12.588020033924286
2025-08-06,12.6634690111508,12.648720771893036,12.649190355584576,12.638566,12.636121,12.656315,12.589268286192365
2025-08-07,12.673723509192312,12.669746152302695,12.676596257972959,12.644209,12.64535,12.666107,12.585799344393225
2025-08-08,12.653271332539273,12.662069567054939,12.672215126136582,12.642728,12.643931,12.657349,12.572131423259243
2025-08-09,12.604687678688256,12.609073308194915,12.614816621596386,12.580154,12.587927,12.59311,12.54391537117357
2025-08-10,12.599515778411012,12.599142417794312,12.603072519225975,12.58342,12.584078,12.588639,12.55124620134809
2025-08-11,12.669237317326589,12.654300383976882,12.658177291290158,12.654638,12.660971,12.669442,12.626097904969669
2025-08-12,12.663595589023258,12.653059388686621,12.659009934128001,12.645163,12.651923,12.661844,12.6618220391476
2025-08-13,12.63972668599759,12.633440576541005,12.618343049941348,12.637242,12.641616,12.660439,12.6634690111508
2025-08-14,12.635335657152796,12.631995905223434,12.623177094265147,12.622707,12.6163225,12.649542,12.673723509192312
2025-08-15,12.642635823673569,12.631623552558192,12.641171103789064,12.6217985,12.626424,12.641389,12.653271332539273
2025-08-16,12.608071753995164,12.613405123606608,12.617292226682173,12.588655,12.591006,12.594435,12.604687678688256
2025-08-17,12.60403299659695,12.590496379505783,12.595979448667965,12.584963,12.588156,12.596412,12.599515778411012
2025-08-18,12.66332659189041,12.631321835810844,12.638786189616708,12.6422615,12.654568,12.673464,12.669237317326589
2025-08-19,12.658418158870552,12.659132288857425,12.663565877878023,12.656308,12.657317,12.67073,12.663595589023258
2025-08-20,12.673701582424584,12.676836309534403,12.673172503565606,12.657658,12.661567,12.656566,12.63972668599759
2025-08-21,12.682179487226948,12.713105745741403,12.71544846013135,12.670741,12.666063,12.669947,12.635335657152796
2025-08-22,12.683504864354129,12.720127226737745,12.723604912402534,12.675435,12.675229,12.673838,12.642635823673569
2025-08-23,12.639836863123634,12.66371704231633,12.665870855756214,12.612535,12.615759,12.623996,12.608071753995164
2025-08-24,12.630859873352374,12.64642098288379,12.648329651756763,12.626722,12.628698,12.627927,12.60403299659695
2025-08-25,12.679638671897695,12.695006515590778,12.697273387390734,12.681182,12.682488,12.7012,12.66332659189041
2025-08-26,12.666041721626144,12.673639660225314,12.678119469462406,12.671518,12.674089,12.675763,12.658418158870552
2025-08-27,12.66753364015332,12.656575632822129,12.65651400711587,12.652939,12.652273,12.660652,12.673701582424584
2025-08-28,12.671459383315652,12.666028059598819,12.67386067739713,12.646853,12.653777,12.677845,12.682179487226948
2025-08-29,12.66371582316357,12.670039122909436,12.67885635326017,12.642295,12.6519985,12.670832,12.683504864354129
2025-08-30,12.603179587950592,12.608707365609769,12.61575871606055,12.594239,12.609869,12.615488,12.639836863123634
2025-08-31,12.599981233553589,12.58921553057279,12.594278218229938,12.589581,12.591825,12.599296,12.630859873352374
2025-09-01,12.6554908411668,12.637886840106361,12.643993262552867,12.6507435,12.653058,12.67643,12.679638671897695
2025-09-02,12.63829003227747,12.637221103530985,12.643611066143936,12.6434555,12.643002,12.667024,12.666041721626144
2025-09-03,12.63674405540604,12.630184938623444,12.630271020394794,12.625218,12.623836,12.640703,12.66753364015332
2025-09-04,12.649697006205706,12.636952556337722,12.644922024731489,12.63034,12.625189,12.651272,12.671459383315652
2025-09-05,12.63715026819238,12.657904180923516,12.665703755205968,12.632607,12.638757,12.6557255,12.66371582316357
2025-09-06,12.585070567423166,12.605074090643033,12.609402793617221,12.581171,12.587324,12.602261,12.603179587950592
2025-09-07,12.582170733005526,12.590613838881866,12.59330746547542,12.56705,12.570219,12.574075,12.599981233553589
2025-09-08,12.635846552744338,12.63185414768682,12.636611478109831,12.639793,12.644061,12.668996,12.6554908411668
2025-09-09,12.64086028201472,12.629761567788577,12.63477022182289,12.631793,12.6288805,12.6476145,12.63829003227747
2025-09-10,12.647702520088062,12.618440379669597,12.620391571100626,12.623241,12.62253,12.640838,12.63674405540604
2025-09-11,12.671905087457093,12.65171471580351,12.659051033425222,12.634007,12.641777,12.656093,12.649697006205706
2025-09-12,12.66933170622149,12.69040982941154,12.69658344473575,12.650596,12.650264,12.664574,12.63715026819238
2025-09-13,12.63354057311468,12.648213745935408,12.65071116250881,12.59842,12.606731,12.617854,12.585070567423166
2025-09-14,12.639383114667506,12.648114237295633,12.649039377797763,12.618934,12.618553,12.626564,12.582170733005526
2025-09-15,12.720439989992428,12.70764551185683,12.709266687087673,12.69084,12.692431,12.709178,12.635846552744338
2025-09-16,12.696488397664456,12.710256467342518,12.714808243708775,12.707837,12.704778,12.723799,12.64086028201472
2025-09-17,12.676466823501826,12.69238433967707,12.69125293923975,12.683074,12.677787,12.695659,12.647702520088062
2025-09-18,12.699911812865766,12.705378239083696,12.70907766483327,12.673405,12.676544,12.688564,12.671905087457093
2025-09-19,12.698229079417043,12.705290380572123,12.712871148783979,12.683716,12.680015,12.696155,12.66933170622149
2025-09-20,12.66771327719244,12.659060546210043,12.663606650637245,12.634789,12.640287,12.652092,12.63354057311468
2025-09-21,12.68496168236388,12.688428119948075,12.688136287821498,12.655437,12.650684,12.658517,12.639383114667506
2025-09-22,12.754774810223829,12.77754695626285,12.77540887314181,12.743496,12.74538,12.735808,12.720439989992428
2025-09-23,12.7752369863042,12.785683919281077,12.784388747109963,12.761654,12.759295,12.763972,12.696488397664456
2025-09-24,12.77803476008532,12.780201400895368,12.776938691299902,12.752329,12.758968,12.77433,12.676466823501826
2025-09-25,12.777026768063909,12.790960939708164,12.795576876826807,12.76282,12.768083,12.786799,12.699911812865766
2025-09-26,12.757232785017935,12.784607898974144,12.790985803772731,12.747865,12.755556,12.772343,12.698229079417043
2025-09-27,12.68967094704168,12.717726076177893,12.721619754405223,12.687962,12.677911,12.700017,12.66771327719244
2025-09-28,12.689982261794196,12.689700418057049,12.69188815953162,12.659333,12.664227,12.669707,12.68496168236388
2025-09-29,12.746062819073137,12.74155495588899,12.744788186181623,12.7205105,12.739067,12.758627,12.754774810223829
2025-09-30,12.744788690272088,12.751986703122745,12.754102867005741,12.739169,12.739972,12.748648,12.7752369863042
2025-10-01,12.763342827538766,12.759542295881964,12.755343146887007,12.73944,12.729694,12.760859,12.77803476008532
2025-10-02,12.77336744566653,12.778994660441622,12.783423287272164,12.742357,12.739539,12.773939,12.777026768063909
2025-10-03,12.798205408008974,12.775265177014134,12.782438882895924,12.742412,12.743529,12.792823,12.757232785017935
2025-10-04,12.765757002543255,12.763894617376096,12.766616138773706,12.718899,12.71531,12.748806,12.68967094704168
2025-10-05,12.75977095970156,12.751882587725879,12.75501234226144,12.701131,12.704482,12.756219,12.689982261794196
2025-10-06,12.774166677086557,12.7923085493011,12.797237649088924,12.779,12.783574,12.833497,12.746062819073137
2025-10-07,12.741749893633742,12.752845957354122,12.758237603531978,12.745211,12.7521715,12.781948,12.744788690272088
2025-10-08,12.74956485871978,12.753475269284664,12.749713007535476,12.724631,12.720002,12.750914,12.763342827538766
2025-10-09,12.803727129630644,12.783296585682256,12.785493986741713,12.743943,12.736746,12.759862,12.77336744566653
2025-10-10,12.83578203226324,12.7991279914607,12.806803234483024,12.766737,12.773706,12.808327,12.798205408008974
2025-10-11,12.761473850288136,12.752691048717027,12.761427732004528,12.735142,12.728776,12.774009,12.765757002543255
2025-10-12,12.742364241303624,12.746296681465482,12.749649549820855,12.706478,12.695041,12.741862,12.75977095970156
2025-10-13,12.807170324491963,12.79729259525963,12.799462528258683,12.786393,12.789344,12.820272,12.774166677086557
2025-10-14,12.776071485391538,12.785290511421191,12.790366208425503,12.777538,12.778792,12.817307,12.741749893633742
2025-10-15,12.78284891791224,12.779657582510687,12.776567520699013,12.759541,12.761185,12.795078,12.74956485871978
2025-10-16,12.821855403606673,12.820881622230068,12.822116219483226,12.782451,12.783754,12.782979,12.803727129630644
2025-10-17,12.854164927123636,12.876602144275893,12.876204955418022,12.829121,12.832352,12.806307,12.83578203226324
2025-10-18,12.835451674808144,12.844626945382966,12.843406966710415,12.804896,12.808756,12.793897,12.761473850288136
2025-10-19,12.826872226647671,12.853993854472336,12.852007666359007,12.813114,12.814609,12.816444,12.742364241303624
2025-10-20,12.877393352197316,12.893572960520146,12.893185494536265,12.873846,12.875166,12.896152,12.807170324491963
2025-10-21,12.867662077285456,12.868989547135602,12.871451056333715,12.854814,12.851929,12.8657255,12.776071485391538
2025-10-22,12.823736292901351,12.840400864773507,12.84031315562974,12.831528,12.833501,12.857034,12.78284891791224
2025-10-23,12.82371742062755,12.834543877563497,12.838900323293839,12.810266,12.80904,12.822945,12.821855403606673
2025-10-24,12.858382206447793,12.83042712925415,12.836368711858421,12.804483,12.807474,12.827766,12.854164927123636
2025-10-25,12.859810895224996,12.807976391560674,12.812118051857254,12.7791815,12.782702,12.818779,12.835451674808144
2025-10-26,12.8665571618488,12.838435070693919,12.841446747757278,12.819923,12.821199,12.856043,12.826872226647671
2025-10-27,12.881834574585252,12.9020551882939,12.905330467319878,12.882567,12.888802,12.9213705,12.877393352197316
2025-10-28,12.908516477995214,12.899676993006185,12.89861065702614,12.882596,12.879486,12.863981,12.867662077285456
2025-10-29,12.912210086128365,12.919789039136138,12.914116172675078,12.904982,12.906408,12.897664,12.823736292901351
2025-10-30,12.930199947875412,12.930846013521101,12.933120444680139,12.900479,12.90296,12.908423,12.82371742062755
2025-10-31,12.944154950083863,12.950713518680367,12.953569047954213,12.910076,12.916456,12.919395,12.858382206447793
2025-11-01,12.894129391785798,12.87375526531821,12.879530876781331,12.860218,12.859654,12.905162,12.859810895224996
2025-11-02,12.828424438188955,12.853658914491156,12.85879347254448,12.821771,12.824384,12.874526,12.8665571618488
2025-11-03,12.8646568488242,12.873220390353797,12.875715081851212,12.844449,12.851874,12.885702,12.881834574585252
2025-11-04,12.822587131042514,12.821579804690604,12.828783033079876,12.8269615,12.832069,12.877126,12.908516477995214
2025-11-05,12.819960145104488,12.794415155656981,12.794980663233046,12.78359,12.787654,12.835523,12.912210086128365
2025-11-06,12.830646509434873,12.812835039204572,12.819610643582873,12.795807,12.798015,12.850414,12.930199947875412
2025-11-07,12.828327830980372,12.835532551847315,12.841633737136707,12.807568,12.810566,12.845013,12.944154950083863
2025-11-08,12.813830768791613,12.799817245747393,12.801414803453362,12.776612,12.771729,12.8080015,12.894129391785798
2025-11-09,12.83166877182784,12.813114461514521,12.81393384497973,12.790985,12.786274,12.823341,12.828424438188955
2025-11-10,12.89880223891273,12.879792509517605,12.881808219744235,12.870713,12.874676,12.928758,12.8646568488242
2025-11-11,12.900266777844818,12.881630102258871,12.884999687172957,12.872646,12.870776,12.896149,12.822587131042514
2025-11-12,12.895994630734425,12.862642643748327,12.86354186322118,12.851043,12.848289,12.89148,12.819960145104488
2025-11-13,12.951264213336794,12.924366319909032,12.925543206957578,12.897268,12.893264,12.897587,12.830646509434873
2025-11-14,13.00704904199836,13.00038721886747,12.999205557973282,12.966841,12.967054,12.947405,12.828327830980372
2025-11-15,12.981870668084037,12.978398373929284,12.977902657451958,12.9418955,12.945855,12.9695215,12.813830768791613
2025-11-16,12.961842450569227,12.974767689038588,12.974447147457187,12.952,12.951955,12.972298,12.83166877182784
2025-11-17,13.02339571716544,13.023561368811194,13.02223871635938,13.003722,13.0170145,13.017646,12.89880223891273
2025-11-18,13.041923090706725,13.039341975689718,13.036853989089064,13.0386915,13.031222,13.0235615,12.900266777844818
2025-11-19,13.07604505571356,13.07418264997395,13.064154439690807,13.059829,13.060697,13.043521,12.895994630734425
2025-11-20,13.111925087518514,13.121039482671485,13.117887757699494,13.088201,13.090259,13.08812,12.951264213336794
2025-11-21,13.112579672668256,13.120735532296822,13.122993400402777,13.097555,13.091548,13.095004,13.00704904199836
2025-11-22,13.001539472989409,13.019091273378264,13.025933996219337,12.999855,12.992445,13.040397,12.981870668084037
2025-11-23,12.962466888653948,12.986703019285216,12.987174085241215,12.962821,12.963184,12.955888,12.961842450569227
2025-11-24,13.044066644629153,13.042124609530966,13.038419230648891,13.039172,13.032704,12.998683,13.02339571716544
2025-11-25,13.0908954138736,13.067858635593032,13.064087510654774,13.04803,13.051909,13.028778,13.041923090706725
2025-11-26,13.101611539750504,13.074705923195012,13.07051437187489,13.082876,13.083144,13.089756,13.07604505571356
2025-11-27,13.0268189701709,13.02598322974876,13.038501537773854,13.017615,13.00683,13.076725,13.111925087518514
2025-11-28,12.955077811405973,12.96302363419483,12.975901160458164,12.936074,12.9426565,13.009125,13.112579672668256
2025-11-29,12.933222622640365,12.91311960215183,12.915000097445954,12.90083,12.90383,12.89632,13.001539472989409
2025-11-30,12.984713802409434,12.945182450432194,12.942912566927262,12.919869,12.91968,12.925271,12.962466888653948
2025-12-01,13.029908118432548,13.017970344977588,13.020146253671214,13.007549,13.005304,13.054161,13.044066644629153
2025-12-02,12.99062694430424,12.97092909095734,12.97828530565993,12.978579,12.971405,13.035449,13.0908954138736
2025-12-03,12.97057257753536,12.954986171316932,12.954555043429117,12.947511,12.951516,12.967045,13.101611539750504
2025-12-04,12.98211691766959,12.976351051102476,12.979638360033945,12.96207,12.960237,12.965422,13.0268189701709
2025-12-05,12.997881202538917,12.993916861293826,12.9973127300518,12.971198,12.977478,12.989302,12.955077811405973
2025-12-06,12.939358387122905,12.951920894314007,12.953825545749403,12.931468,12.933474,12.95675,12.933222622640365
2025-12-07,12.946463557052612,12.936648094375743,12.936248237593974,12.920583,12.922437,12.922556,12.984713802409434
2025-12-08,13.00729590127636,12.975551652714053,12.978731498268676,12.978434,12.9809885,13.002536,13.029908118432548
2025-12-09,13.00567898801506,12.989496054726468,12.99166676373674,12.982055,12.986627,13.007033,12.99062694430424
2025-12-10,12.998542400009695,12.957386859075498,12.958453087885523,12.947221,12.948061,12.994249,12.97057257753536
2025-12-11,12.979725503499704,12.972952153396086,12.980062619007654,12.955056,12.958559,12.989882,12.98211691766959
2025-12-12,12.984966236680334,12.980722613186863,12.985577185621839,12.958394,12.962478,12.967733,12.997881202538917
2025-12-13,12.936491525765351,12.927015255939914,12.930660246885433,12.92047,12.914827,12.939775,12.939358387122905
2025-12-14,12.921661125888734,12.890488543401217,12.895855118752888,12.884149,12.883437,12.931999,12.946463557052612
2025-12-15,12.93918305197412,12.919202573363593,12.92685270843048,12.910823,12.898717,12.968568,13.00729590127636
2025-12-16,12.94289454771238,12.908710077668708,12.91336372743483,12.912621,12.907229,12.958098,13.00567898801506
2025-12-17,12.976178552408753,12.940587780858744,12.936306785463465,12.939174,12.936514,12.950838,12.998542400009695
2025-12-18,12.985218607244253,12.951192969575105,12.95848762715139,12.923155,12.919526,12.987549,12.979725503499704
2025-12-19,12.98941924088261,12.945770479741588,12.955915658020182,12.911184,12.914985,12.98071,12.984966236680334
2025-12-20,12.937889906904005,12.925649097256757,12.930012008575202,12.903485,12.908489,12.948435,12.936491525765351
2025-12-21,12.98150693628388,12.963804672968646,12.959631810811725,12.93098,12.930724,12.923645,12.921661125888734
2025-12-22,13.062110061645267,13.052132981305924,13.049398539505134,13.045335,13.034025,13.055988,12.93918305197412
2025-12-23,13.057880321395206,13.055877478888805,13.05586882024178,13.0514345,13.053432,13.060319,12.94289454771238
2025-12-24,13.038857847743945,13.056865140094551,13.051054414563154,13.054136,13.051583,13.05134,12.976178552408753
2025-12-25,12.99564075242342,12.981072980877464,12.990685863756514,12.981796,12.983395,13.027058,12.985218607244253
2025-12-26,12.98729938237306,12.956496394825074,12.965193978030685,12.948101,12.951461,12.965847,12.98941924088261
2025-12-27,12.992671461688806,12.955737557343824,12.955860686551528,12.939092,12.944252,12.953605,12.937889906904005
2025-12-28,13.013269233757212,12.993241286136227,12.991777132867721,12.977179,12.968961,12.971795,12.98150693628388
2025-12-29,13.071918144363709,13.063551972618079,13.063135955757964,13.054643,13.0538025,13.070758,13.062110061645267
2025-12-30,13.07771532284221,13.071842506388762,13.070902687076249,13.073428,13.074908,13.081871,13.057880321395206
2025-12-31,13.061238755608736,13.072262528988471,13.066805029015567,13.0638485,13.065,13.062511,13.038857847743945
